{
  "useHyperbolic": true,
  "amplitude": 63,
  "spacing": 16.399999618530273,
  "hyperParam": 0.8424999713897705,
  "offset": 0.25,
  "useDoubleAxis": false,
  "showPattern": false,
  "angle": 126.89999389648438
}