{
  "animationSpeed": 0.05000000074505806,
  "minSize": 0.6732999682426453,
  "maxSize": 2.799999952316284,
  "showImage": true,
  "noiseScale": 1.4490000009536743,
  "contrastAmount": 2.5999999046325684
}